RollNumber,Attendance,StudyHours,PreviousExamScore,AssignmentsCompleted,ExtraActivities,FinalGrade
1,55,4,93,84,1,B
2,92,6,41,79,1,D
3,65,5,88,50,1,C
4,77,2,46,58,1,F
5,95,1,65,68,0,C
6,57,4,42,96,1,F
7,94,4,95,84,1,B
8,100,6,62,67,0,C
9,77,6,47,82,0,D
10,68,7,30,97,1,F
11,87,4,37,63,1,F
12,81,5,47,72,0,D
13,83,7,39,100,0,D
14,97,3,78,53,1,C
15,89,1,39,80,1,F
16,64,1,31,76,1,F
17,83,6,68,79,0,C
18,58,1,49,88,1,D
19,72,1,37,59,1,F
20,71,1,75,65,1,C
21,91,3,30,76,0,F
22,50,7,82,71,0,C
23,97,5,68,79,1,C
24,80,2,52,93,1,D
25,100,3,91,66,1,B
26,75,2,55,79,1,D
27,87,1,63,96,1,C
28,91,5,86,79,1,B
29,74,7,72,67,1,C
30,88,3,55,98,0,C
31,65,3,65,96,0,C
32,92,4,33,72,1,F
33,90,4,71,71,0,C
34,84,7,51,52,0,F
35,89,5,53,85,0,D
36,83,4,79,75,1,C
37,89,4,52,59,0,D
38,56,2,97,85,1,B
39,56,2,71,91,1,C
40,76,2,65,85,0,C
41,51,6,50,63,1,F
42,69,5,97,64,1,B
43,58,4,64,85,0,D
44,95,1,67,95,0,C
45,50,6,96,62,1,C
46,59,6,84,79,0,C
47,93,6,48,73,0,D
48,80,1,74,54,1,D
49,65,1,99,95,0,B
50,85,6,68,61,1,D
51,72,1,63,54,1,D
52,100,5,44,75,1,D
53,82,2,36,51,0,F
54,87,5,37,98,1,D
55,51,2,71,71,1,D
56,64,5,55,82,1,D
57,90,5,93,53,1,B
58,95,6,73,87,0,C
59,94,6,67,63,0,C
60,77,6,81,87,0,B
61,50,3,68,99,0,C
62,51,1,44,60,0,F
63,72,7,39,98,1,D
64,99,2,45,60,0,F
65,96,3,36,58,1,F
66,79,1,86,61,0,C
67,79,3,88,85,0,B
68,77,4,69,94,1,C
69,95,2,92,53,0,B
70,61,3,31,90,0,F
71,99,4,68,54,0,C
72,81,6,45,87,0,D
73,50,1,99,60,1,C
74,57,3,66,81,0,D
75,96,6,76,87,0,B
76,70,1,81,78,0,C
77,86,7,45,85,0,D
78,94,6,38,77,1,F
79,78,7,76,89,0,C
80,54,4,77,72,1,C
81,68,2,37,81,1,F
82,92,3,85,91,1,B
83,77,5,61,77,1,D
84,64,1,58,54,1,F
85,55,7,63,57,0,D
86,86,1,80,81,1,C
87,61,5,74,57,0,D
88,82,6,61,51,1,D
89,96,2,82,90,1,B
90,66,2,78,96,0,C
91,98,5,32,69,1,F
92,61,5,37,60,0,F
93,89,2,36,56,0,F
94,97,4,76,72,1,C
95,59,1,78,100,0,C
96,79,1,92,54,0,C
97,70,7,67,90,1,C
98,79,2,72,92,1,C
99,50,4,69,65,0,D
100,57,5,67,52,0,D
101,98,4,55,58,0,D
102,71,7,36,70,1,F
103,72,7,37,68,1,F
104,66,7,63,78,0,D
105,91,1,42,97,0,D
106,86,4,86,66,0,C
107,85,5,78,95,1,B
108,80,6,37,96,1,D
109,94,4,62,63,0,D
110,59,1,46,95,1,D
111,88,7,88,74,0,B
112,79,2,100,84,0,B
113,89,6,100,56,0,B
114,74,4,97,83,0,B
115,99,7,97,86,1,A
116,82,4,58,93,0,C
117,85,2,93,77,0,B
118,61,7,99,78,0,B
119,77,2,50,72,0,D
120,55,3,64,97,0,D
121,71,1,83,88,1,C
122,63,1,69,92,1,C
123,69,2,59,69,1,D
124,87,4,67,80,0,C
125,100,2,89,74,0,B
126,57,4,33,83,0,F
127,84,5,66,96,1,C
128,91,2,64,56,1,D
129,84,6,53,96,1,D
130,59,1,53,56,1,F
131,74,5,73,59,1,D
132,86,4,34,61,0,F
133,94,6,50,94,0,D
134,57,3,59,67,0,D
135,91,3,66,76,1,C
136,97,5,84,85,0,B
137,91,7,63,88,0,C
138,100,2,98,71,0,B
139,59,1,86,76,0,C
140,91,1,98,67,0,B
141,50,1,75,100,1,C
142,62,4,32,52,1,F
143,55,1,36,76,0,F
144,71,3,50,78,1,D
145,81,4,94,65,0,B
146,64,6,87,81,1,C
147,56,6,94,70,0,B
148,58,4,61,85,0,D
149,68,4,93,88,0,B
150,59,4,94,71,0,B
151,98,1,55,90,0,C
152,60,3,64,56,1,D
153,99,7,45,54,0,F
154,55,1,51,96,0,D
155,52,6,88,88,1,B
156,85,4,57,95,1,C
157,77,7,42,89,1,D
158,53,2,42,86,1,F
159,66,2,97,99,0,B
160,52,1,77,97,0,C
161,69,5,45,54,1,F
162,70,2,31,73,0,F
163,92,7,91,79,1,B
164,94,3,75,64,0,C
165,62,4,82,58,1,C
166,100,1,34,70,0,F
167,77,2,94,76,0,B
168,79,4,67,59,1,D
169,82,7,91,94,1,B
170,89,4,74,72,1,C
171,74,6,89,86,1,B
172,65,4,56,100,0,D
173,94,2,66,57,0,D
174,89,3,98,97,0,A
175,99,1,42,86,1,D
176,96,1,77,81,0,C
177,96,5,90,64,1,B
178,78,4,87,52,0,C
179,90,6,69,77,1,C
180,77,6,57,97,1,C
181,53,6,62,75,0,D
182,72,2,91,61,1,C
183,81,5,85,68,1,C
184,88,1,68,56,1,D
185,81,3,59,76,0,D
186,84,3,97,97,0,A
187,95,7,68,85,1,C
188,98,3,53,85,1,D
189,62,7,83,88,0,C
190,99,3,30,90,1,F
191,56,6,63,75,1,D
192,58,1,83,87,1,C
193,65,6,97,90,0,B
194,54,4,73,87,1,C
195,50,7,51,56,0,F
196,88,2,33,85,1,F
197,79,4,79,60,1,C
198,93,2,70,60,1,C
199,52,6,89,95,1,B
200,73,3,82,96,0,B
